task_id,before_score,after_score,delta,before_purchased,after_purchased,before_actions,after_actions,before_stops,after_stops,direct_issue
webshop/goal-00004,0.5,0.5,0.0,True,True,8,5,['webshop_purchase_staged'],['webshop_purchase_staged'],True
webshop/goal-00010,1.0,1.0,0.0,True,True,6,6,['webshop_purchase_staged'],['webshop_purchase_staged'],False
webshop/goal-00012,1.0,1.0,0.0,True,True,5,5,['webshop_purchase_staged'],['webshop_purchase_staged'],False
webshop/goal-00015,0.0,0.25,0.25,False,True,13,16,"['purchase_plan_repair_exhausted', 'webshop_research_budget_handoff']",['webshop_purchase_staged'],True
webshop/goal-00024,0.5,0.5,0.0,True,True,5,5,['webshop_purchase_staged'],['webshop_purchase_staged'],False
webshop/goal-00029,1.0,1.0,0.0,True,True,8,7,['webshop_purchase_staged'],['webshop_purchase_staged'],True
webshop/goal-00030,0.1,0.1,0.0,True,True,6,3,['webshop_purchase_staged'],['webshop_purchase_staged'],False
webshop/goal-00031,0.5,0.75,0.25,True,True,14,15,['webshop_purchase_staged'],['webshop_purchase_staged'],False
webshop/goal-00040,1.0,1.0,0.0,True,True,15,13,['webshop_purchase_staged'],['webshop_purchase_staged'],True
webshop/goal-00043,1.0,1.0,0.0,True,True,7,5,['webshop_purchase_staged'],['webshop_purchase_staged'],False
webshop/goal-00045,1.0,1.0,0.0,True,True,9,5,['webshop_purchase_staged'],['webshop_purchase_staged'],True
webshop/goal-00051,1.0,1.0,0.0,True,True,14,13,"['webshop_purchase_staged', 'webshop_research_budget_handoff']","['webshop_purchase_staged', 'webshop_research_budget_handoff']",True
webshop/goal-00053,1.0,1.0,0.0,True,True,9,8,['webshop_purchase_staged'],['webshop_purchase_staged'],True
webshop/goal-00054,1.0,1.0,0.0,True,True,13,7,['webshop_purchase_staged'],['webshop_purchase_staged'],False
webshop/goal-00055,1.0,1.0,0.0,True,True,9,4,['webshop_purchase_staged'],['webshop_purchase_staged'],False
webshop/goal-00060,1.0,0.5,-0.5,True,True,8,14,['webshop_purchase_staged'],['webshop_purchase_staged'],False
webshop/goal-00061,1.0,1.0,0.0,True,True,10,7,['webshop_purchase_staged'],['webshop_purchase_staged'],False
webshop/goal-00063,0.75,1.0,0.25,True,True,14,14,['webshop_purchase_staged'],"['webshop_purchase_staged', 'webshop_semantic_no_progress_fuse']",True
webshop/goal-00064,1.0,1.0,0.0,True,True,7,5,['webshop_purchase_staged'],['webshop_purchase_staged'],True
webshop/goal-00065,1.0,0.025,-0.975,True,True,12,14,"['webshop_purchase_staged', 'webshop_semantic_no_progress_fuse']",['webshop_purchase_staged'],True
webshop/goal-00069,0.75,0.75,0.0,True,True,6,3,['webshop_purchase_staged'],['webshop_purchase_staged'],True
webshop/goal-00071,1.0,1.0,0.0,True,True,7,4,['webshop_purchase_staged'],['webshop_purchase_staged'],False
webshop/goal-00075,0.5,0.5,0.0,True,True,15,14,['webshop_purchase_staged'],['webshop_purchase_staged'],True
webshop/goal-00082,0.0,0.6666666666666666,0.6666666666666666,True,True,11,6,['webshop_purchase_staged'],['webshop_purchase_staged'],False
webshop/goal-00085,1.0,1.0,0.0,True,True,9,5,['webshop_purchase_staged'],['webshop_purchase_staged'],True
webshop/goal-00090,0.25,0.25,0.0,True,True,16,16,"['webshop_purchase_staged', 'webshop_research_budget_handoff']",['webshop_purchase_staged'],False
webshop/goal-00094,1.0,1.0,0.0,True,True,14,10,['webshop_purchase_staged'],['webshop_purchase_staged'],False
webshop/goal-00097,0.6666666666666666,0.6666666666666666,0.0,True,True,10,10,['webshop_purchase_staged'],['webshop_purchase_staged'],True
webshop/goal-00105,0.05,0.05,0.0,True,True,13,14,"['webshop_purchase_staged', 'webshop_research_budget_handoff']","['webshop_purchase_staged', 'webshop_research_budget_handoff']",True
webshop/goal-00107,1.0,1.0,0.0,True,True,15,15,['webshop_purchase_staged'],['webshop_purchase_staged'],True
webshop/goal-00109,1.0,1.0,0.0,True,True,7,12,['webshop_purchase_staged'],['webshop_purchase_staged'],True
webshop/goal-00118,0.5,0.5,0.0,True,True,6,3,['webshop_purchase_staged'],['webshop_purchase_staged'],False
webshop/goal-00121,0.5,0.5,0.0,True,True,16,15,"['protocol_recovery_exhausted', 'webshop_purchase_staged']",['webshop_purchase_staged'],True
webshop/goal-00122,0.3333333333333333,0.06666666666666667,-0.26666666666666666,True,True,7,10,['webshop_purchase_staged'],['webshop_purchase_staged'],False
webshop/goal-00126,1.0,1.0,0.0,True,True,6,7,['webshop_purchase_staged'],['webshop_purchase_staged'],False
webshop/goal-00129,0.5,0.5,0.0,True,True,8,5,['webshop_purchase_staged'],['webshop_purchase_staged'],False
webshop/goal-00132,1.0,1.0,0.0,True,True,13,3,['webshop_purchase_staged'],['webshop_purchase_staged'],True
webshop/goal-00134,1.0,1.0,0.0,True,True,13,14,['webshop_purchase_staged'],['webshop_purchase_staged'],True
webshop/goal-00135,1.0,1.0,0.0,True,True,14,11,"['protocol_recovery_exhausted', 'webshop_purchase_staged']",['webshop_purchase_staged'],True
webshop/goal-00139,1.0,1.0,0.0,True,True,14,9,['webshop_purchase_staged'],['webshop_purchase_staged'],True
webshop/goal-00143,0.6666666666666666,0.6666666666666666,0.0,True,True,7,4,['webshop_purchase_staged'],['webshop_purchase_staged'],False
webshop/goal-00152,0.0,0.0,0,True,True,16,16,['webshop_purchase_staged'],['webshop_purchase_staged'],True
webshop/goal-00155,0.8,0.8,0.0,True,True,5,7,['webshop_purchase_staged'],['webshop_purchase_staged'],False
webshop/goal-00157,1.0,1.0,0.0,True,True,12,9,"['protocol_recovery_exhausted', 'webshop_purchase_staged']",['webshop_purchase_staged'],False
webshop/goal-00163,0.0,0.6666666666666666,0.6666666666666666,False,True,14,15,['purchase_plan_repair_exhausted'],"['webshop_purchase_staged', 'webshop_semantic_no_progress_fuse']",True
webshop/goal-00167,1.0,0.4,-0.6,True,True,13,10,"['webshop_purchase_staged', 'webshop_semantic_no_progress_fuse']","['webshop_purchase_staged', 'webshop_semantic_no_progress_fuse']",True
webshop/goal-00170,0.6666666666666666,0.6666666666666666,0.0,True,True,7,6,['webshop_purchase_staged'],['webshop_purchase_staged'],False
webshop/goal-00185,0.0,0.0,0,True,True,14,15,['webshop_purchase_staged'],['webshop_purchase_staged'],True
webshop/goal-00186,1.0,1.0,0.0,True,True,10,6,['webshop_purchase_staged'],['webshop_purchase_staged'],True
webshop/goal-00188,0.5,0.5,0.0,True,True,8,6,['webshop_purchase_staged'],['webshop_purchase_staged'],False
webshop/goal-00193,0.75,0.5,-0.25,True,True,15,12,['webshop_purchase_staged'],"['webshop_purchase_staged', 'webshop_semantic_no_progress_fuse']",False
webshop/goal-00194,1.0,1.0,0.0,True,True,7,7,['webshop_purchase_staged'],['webshop_purchase_staged'],False
webshop/goal-00197,1.0,1.0,0.0,True,True,16,14,['webshop_purchase_staged'],['webshop_purchase_staged'],True
webshop/goal-00201,1.0,0.6666666666666666,-0.33333333333333337,True,True,7,5,['webshop_purchase_staged'],['webshop_purchase_staged'],False
webshop/goal-00202,0.75,1.0,0.25,True,True,8,8,['webshop_purchase_staged'],['webshop_purchase_staged'],False
webshop/goal-00203,0.4,0.4,0.0,True,True,16,15,['webshop_purchase_staged'],['webshop_purchase_staged'],True
webshop/goal-00206,1.0,1.0,0.0,True,True,9,10,['webshop_purchase_staged'],['webshop_purchase_staged'],False
webshop/goal-00213,0.25,0.25,0.0,True,True,7,6,['webshop_purchase_staged'],['webshop_purchase_staged'],False
webshop/goal-00214,0.6666666666666666,0.6666666666666666,0.0,True,True,10,8,['webshop_purchase_staged'],['webshop_purchase_staged'],False
webshop/goal-00216,1.0,1.0,0.0,True,True,8,4,['webshop_purchase_staged'],['webshop_purchase_staged'],False
webshop/goal-00219,0.4,0.6,0.19999999999999996,True,True,6,7,['webshop_purchase_staged'],['webshop_purchase_staged'],False
webshop/goal-00221,0.0,0.5,0.5,False,True,9,15,['webshop_semantic_no_progress_fuse'],['webshop_purchase_staged'],True
webshop/goal-00225,0.5,0.0,-0.5,True,False,16,10,['webshop_purchase_staged'],['webshop_semantic_no_progress_fuse'],True
webshop/goal-00232,0.5,0.75,0.25,True,True,7,8,['webshop_purchase_staged'],['webshop_purchase_staged'],False
webshop/goal-00234,0.5,0.75,0.25,True,True,14,11,['webshop_purchase_staged'],['webshop_purchase_staged'],True
webshop/goal-00235,1.0,1.0,0.0,True,True,4,4,['webshop_purchase_staged'],['webshop_purchase_staged'],False
webshop/goal-00241,1.0,1.0,0.0,True,True,6,7,['webshop_purchase_staged'],['webshop_purchase_staged'],False
webshop/goal-00244,0.75,0.75,0.0,True,True,9,9,['webshop_purchase_staged'],['webshop_purchase_staged'],False
webshop/goal-00248,1.0,1.0,0.0,True,True,15,16,['webshop_purchase_staged'],['webshop_purchase_staged'],True
webshop/goal-00255,1.0,1.0,0.0,True,True,4,6,['webshop_purchase_staged'],['webshop_purchase_staged'],False
webshop/goal-00256,1.0,1.0,0.0,True,True,14,10,['webshop_purchase_staged'],['webshop_purchase_staged'],False
webshop/goal-00264,1.0,1.0,0.0,True,True,5,7,['webshop_purchase_staged'],['webshop_purchase_staged'],False
webshop/goal-00268,0.25,0.25,0.0,True,True,12,14,['webshop_purchase_staged'],"['protocol_recovery_exhausted', 'webshop_purchase_staged']",True
webshop/goal-00269,1.0,1.0,0.0,True,True,5,3,['webshop_purchase_staged'],['webshop_purchase_staged'],True
webshop/goal-00271,0.06666666666666667,0.6666666666666666,0.6,True,True,14,14,"['webshop_purchase_staged', 'webshop_semantic_no_progress_fuse']","['webshop_purchase_staged', 'webshop_semantic_no_progress_fuse']",True
webshop/goal-00273,1.0,1.0,0.0,True,True,9,6,['webshop_purchase_staged'],['webshop_purchase_staged'],True
webshop/goal-00282,0.6666666666666666,0.6666666666666666,0.0,True,True,6,10,['webshop_purchase_staged'],['webshop_purchase_staged'],False
webshop/goal-00284,0.0,0.6666666666666666,0.6666666666666666,True,True,16,15,"['action_phase_complete', 'webshop_purchase_staged', 'webshop_semantic_no_progress_fuse']",['webshop_purchase_staged'],True
webshop/goal-00291,0.5,0.5,0.0,True,True,10,9,['webshop_purchase_staged'],['webshop_purchase_staged'],False
webshop/goal-00293,0.5,0.25,-0.25,True,True,9,8,['webshop_purchase_staged'],['webshop_purchase_staged'],False
webshop/goal-00299,1.0,1.0,0.0,True,True,15,16,['webshop_purchase_staged'],['webshop_purchase_staged'],True
webshop/goal-00311,1.0,1.0,0.0,True,True,5,5,['webshop_purchase_staged'],['webshop_purchase_staged'],False
webshop/goal-00318,0.5,0.5,0.0,True,True,15,10,['webshop_purchase_staged'],['webshop_purchase_staged'],True
webshop/goal-00319,1.0,1.0,0.0,True,True,16,16,['webshop_purchase_staged'],['webshop_purchase_staged'],True
webshop/goal-00328,0.0,0.75,0.75,False,True,13,15,['purchase_plan_repair_exhausted'],['webshop_purchase_staged'],True
webshop/goal-00330,1.0,1.0,0.0,True,True,6,5,['webshop_purchase_staged'],['webshop_purchase_staged'],False
webshop/goal-00340,0.4,0.4,0.0,True,True,16,13,['webshop_purchase_staged'],"['webshop_purchase_staged', 'webshop_semantic_no_progress_fuse']",True
webshop/goal-00341,0.6666666666666666,0.6666666666666666,0.0,True,True,4,6,['webshop_purchase_staged'],['webshop_purchase_staged'],False
webshop/goal-00342,0.6666666666666666,0.6666666666666666,0.0,True,True,7,10,['webshop_purchase_staged'],"['webshop_purchase_staged', 'webshop_research_budget_handoff']",False
webshop/goal-00345,1.0,1.0,0.0,True,True,8,6,['webshop_purchase_staged'],['webshop_purchase_staged'],False
webshop/goal-00351,1.0,1.0,0.0,True,True,13,12,['webshop_purchase_staged'],['webshop_purchase_staged'],False
webshop/goal-00352,0.6666666666666666,0.6666666666666666,0.0,True,True,16,15,['webshop_purchase_staged'],['webshop_purchase_staged'],True
webshop/goal-00354,1.0,1.0,0.0,True,True,9,6,['webshop_purchase_staged'],['webshop_purchase_staged'],False
webshop/goal-00358,0.0,1.0,1.0,False,True,12,15,['purchase_plan_repair_exhausted'],['webshop_purchase_staged'],True
webshop/goal-00362,0.3333333333333333,0.3333333333333333,0.0,True,True,4,4,['webshop_purchase_staged'],['webshop_purchase_staged'],False
webshop/goal-00365,1.0,1.0,0.0,True,True,6,8,['webshop_purchase_staged'],['webshop_purchase_staged'],True
webshop/goal-00367,1.0,1.0,0.0,True,True,7,8,['webshop_purchase_staged'],['webshop_purchase_staged'],False
webshop/goal-00369,1.0,1.0,0.0,True,True,10,12,['webshop_purchase_staged'],['webshop_purchase_staged'],True
webshop/goal-00370,0.75,0.75,0.0,True,True,3,3,['webshop_purchase_staged'],['webshop_purchase_staged'],False
webshop/goal-00371,0.6666666666666666,0.6666666666666666,0.0,True,True,12,12,['webshop_purchase_staged'],['webshop_purchase_staged'],False
webshop/goal-00380,1.0,1.0,0.0,True,True,9,8,['webshop_purchase_staged'],['webshop_purchase_staged'],False
webshop/goal-00386,1.0,1.0,0.0,True,True,11,9,['webshop_purchase_staged'],['webshop_purchase_staged'],True
webshop/goal-00387,1.0,1.0,0.0,True,True,5,7,['webshop_purchase_staged'],['webshop_purchase_staged'],False
webshop/goal-00397,1.0,1.0,0.0,True,True,8,5,['webshop_purchase_staged'],['webshop_purchase_staged'],False
webshop/goal-00400,1.0,1.0,0.0,True,True,11,10,['webshop_purchase_staged'],['webshop_purchase_staged'],True
webshop/goal-00407,0.3333333333333333,0.3333333333333333,0.0,True,True,11,10,['webshop_purchase_staged'],['webshop_purchase_staged'],True
webshop/goal-00411,1.0,1.0,0.0,True,True,8,10,['webshop_purchase_staged'],['webshop_purchase_staged'],False
webshop/goal-00417,0.0,0.025,0.025,False,True,12,15,['webshop_semantic_no_progress_fuse'],['webshop_purchase_staged'],True
webshop/goal-00419,1.0,1.0,0.0,True,True,6,6,['webshop_purchase_staged'],['webshop_purchase_staged'],False
webshop/goal-00420,1.0,1.0,0.0,True,True,5,5,['webshop_purchase_staged'],['webshop_purchase_staged'],False
webshop/goal-00424,1.0,1.0,0.0,True,True,6,6,['webshop_purchase_staged'],['webshop_purchase_staged'],False
webshop/goal-00427,0.1,0.1,0.0,True,True,7,7,['webshop_purchase_staged'],['webshop_purchase_staged'],False
webshop/goal-00428,1.0,1.0,0.0,True,True,14,11,['webshop_purchase_staged'],['webshop_purchase_staged'],True
webshop/goal-00433,0.0,0.5,0.5,False,True,10,16,['webshop_semantic_no_progress_fuse'],['webshop_purchase_staged'],True
webshop/goal-00434,1.0,1.0,0.0,True,True,6,6,['webshop_purchase_staged'],['webshop_purchase_staged'],False
webshop/goal-00436,1.0,1.0,0.0,True,True,9,5,['webshop_purchase_staged'],['webshop_purchase_staged'],True
webshop/goal-00438,1.0,1.0,0.0,True,True,11,5,['webshop_purchase_staged'],['webshop_purchase_staged'],False
webshop/goal-00440,0.6666666666666666,0.6666666666666666,0.0,True,True,12,5,['webshop_purchase_staged'],['webshop_purchase_staged'],True
webshop/goal-00446,0.5,0.5,0.0,True,True,3,6,['webshop_purchase_staged'],['webshop_purchase_staged'],False
webshop/goal-00447,0.2,0.2,0.0,True,True,8,5,['webshop_purchase_staged'],['webshop_purchase_staged'],False
webshop/goal-00453,0.0,0.06666666666666667,0.06666666666666667,True,True,15,16,['webshop_purchase_staged'],['webshop_purchase_staged'],True
webshop/goal-00457,0.3333333333333333,0.3333333333333333,0.0,True,True,15,13,['webshop_purchase_staged'],['webshop_purchase_staged'],True
webshop/goal-00471,0.25,0.0,-0.25,True,False,15,14,['webshop_purchase_staged'],['purchase_plan_repair_exhausted'],True
webshop/goal-00477,0.75,0.75,0.0,True,True,6,5,['webshop_purchase_staged'],['webshop_purchase_staged'],True
webshop/goal-00478,0.6666666666666666,0.6666666666666666,0.0,True,True,12,5,['webshop_purchase_staged'],['webshop_purchase_staged'],False
webshop/goal-00481,0.5,0.5,0.0,True,True,7,11,['webshop_purchase_staged'],['webshop_purchase_staged'],False
webshop/goal-00487,1.0,1.0,0.0,True,True,3,5,['webshop_purchase_staged'],['webshop_purchase_staged'],False
webshop/goal-00494,1.0,1.0,0.0,True,True,9,7,['webshop_purchase_staged'],['webshop_purchase_staged'],False
